,wage,exper,union,goodhlth,black,female,married,service,educ,looks
0,5.73,30,0,1,0,1,1,1,14,4
1,4.28,28,0,1,0,1,1,0,12,3
2,7.96,35,0,1,0,1,0,0,10,4
3,11.57,38,0,1,0,0,1,1,16,3
4,11.42,27,0,1,0,0,1,0,16,3
5,3.91,20,0,0,0,1,1,0,12,3
6,8.76,12,0,1,0,0,1,0,16,3
7,7.69,5,1,1,0,0,0,0,16,4
8,5.0,5,0,1,0,1,0,0,16,3
9,3.89,12,0,1,0,1,0,0,12,3
10,3.45,3,0,1,0,1,0,0,12,4
11,4.03,6,0,1,0,0,1,0,16,4
12,5.14,19,0,1,0,0,1,1,17,2
13,3.0,8,0,1,0,0,0,1,16,3
14,7.99,12,0,1,0,0,1,0,16,4
15,6.01,17,0,1,0,0,1,0,16,4
16,5.16,7,0,1,0,0,1,0,17,3
17,11.54,12,0,1,0,0,1,1,17,4
18,10.44,10,0,1,0,1,0,0,17,4
19,7.69,7,0,1,0,1,1,1,16,3
20,7.69,7,1,1,0,0,0,0,17,4
21,6.79,19,0,1,0,0,1,1,14,3
22,6.87,33,0,1,0,0,1,1,12,3
23,17.03,32,0,1,0,0,1,0,13,3
24,10.05,12,0,1,0,0,1,0,13,4
25,15.81,24,0,1,0,0,1,1,17,4
26,14.84,29,0,1,0,0,0,1,13,5
27,19.08,17,0,1,0,0,0,0,17,5
28,8.35,41,0,0,0,0,1,1,16,1
29,9.62,40,0,0,0,0,1,0,16,3
30,5.96,10,0,1,0,0,1,0,14,3
31,5.73,43,0,0,0,0,1,0,10,3
32,6.73,41,0,1,0,0,1,0,10,4
33,8.17,18,0,1,0,0,1,0,16,2
34,12.39,28,0,1,0,0,1,0,12,4
35,9.62,37,0,1,0,0,1,0,13,2
36,4.83,20,0,1,1,0,1,0,16,4
37,7.69,10,1,1,0,0,1,0,13,2
38,12.5,31,0,1,0,0,1,0,16,3
39,2.82,18,0,1,0,0,1,1,12,3
40,12.31,9,1,1,0,0,0,0,17,3
41,13.22,42,0,1,0,0,1,0,16,3
42,16.83,14,0,1,0,0,1,0,16,4
43,11.54,27,0,1,0,0,1,0,16,3
44,4.95,20,0,1,1,1,0,1,14,3
45,7.21,14,0,1,0,0,1,0,17,3
46,11.58,4,0,1,0,0,1,0,17,3
47,15.38,13,0,1,0,0,1,0,17,3
48,6.1,5,0,1,0,0,1,1,17,3
49,7.93,32,0,1,0,0,1,1,17,3
50,9.16,19,1,1,0,1,1,1,17,4
51,6.91,14,0,1,0,1,0,1,17,4
52,20.18,28,0,1,0,0,1,1,17,3
53,9.93,31,1,1,0,0,1,0,17,3
54,7.79,18,0,1,0,0,1,0,13,4
55,5.13,23,0,1,0,0,1,1,5,3
56,10.99,14,0,1,0,0,1,0,16,4
57,6.56,17,0,1,0,0,1,0,13,2
58,10.1,16,0,1,0,0,1,0,13,3
59,10.74,19,0,1,0,0,1,0,16,3
60,16.35,26,0,1,0,0,1,0,17,3
61,4.62,20,0,1,0,1,1,1,12,4
62,7.49,18,0,1,0,0,1,0,17,3
63,19.23,35,0,1,0,0,1,0,17,3
64,4.77,9,0,1,0,1,0,1,17,4
65,7.14,20,0,1,0,1,0,1,17,2
66,14.42,7,0,1,0,0,1,1,17,4
67,9.28,40,0,1,0,0,0,1,17,4
68,29.98,12,0,1,0,0,1,1,17,3
69,32.79,33,0,1,0,0,1,1,16,4
70,9.62,16,0,1,0,0,1,0,16,3
71,8.36,15,0,1,0,1,1,0,16,3
72,21.63,11,0,1,0,0,1,1,17,3
73,15.9,24,0,1,0,0,1,1,17,4
74,5.77,6,0,1,0,0,1,1,17,2
75,20.99,40,0,1,0,0,1,1,17,2
76,23.32,15,0,1,0,0,1,1,17,5
77,4.97,9,0,1,0,0,1,1,17,4
78,6.89,16,0,1,0,0,1,0,17,2
79,5.73,12,0,1,0,1,0,1,13,2
80,5.19,8,0,1,0,0,1,1,17,3
81,7.79,25,1,1,0,1,0,1,17,3
82,8.79,24,1,1,0,1,1,1,16,3
83,9.32,25,1,1,0,1,0,0,17,4
84,8.33,7,0,1,0,1,0,1,17,4
85,10.12,40,0,1,1,1,0,1,10,3
86,1.98,29,0,0,0,1,0,1,8,3
87,8.24,13,0,1,0,1,1,1,17,4
88,5.05,5,0,1,0,1,0,1,14,4
89,6.55,10,0,1,0,1,1,0,16,3
90,4.47,25,1,1,0,0,1,1,13,3
91,7.96,10,0,1,0,1,1,1,16,3
92,6.25,20,0,1,0,0,0,1,17,2
93,4.13,7,0,1,0,0,0,0,16,3
94,6.73,25,0,1,0,1,1,1,13,2
95,7.69,8,0,1,0,1,0,1,17,3
96,4.35,8,0,1,0,1,1,1,14,2
97,7.69,28,0,1,0,0,1,0,14,3
98,4.81,37,0,1,0,0,1,1,16,2
99,5.24,31,0,1,0,0,1,1,17,3
100,2.14,24,0,1,0,0,1,1,16,4
101,4.49,33,0,1,0,0,1,1,17,4
102,3.61,8,0,1,0,0,1,1,17,4
103,5.45,33,0,1,0,0,1,1,17,3
104,5.0,30,0,1,0,0,1,1,17,3
105,6.73,23,0,1,0,0,1,1,17,3
106,10.05,24,0,1,0,0,1,0,16,3
107,6.54,4,0,1,0,0,1,0,17,4
108,9.2,40,0,1,0,1,0,1,17,3
109,4.62,1,0,1,0,1,0,1,16,3
110,3.37,36,0,1,1,1,0,1,13,3
111,5.54,7,0,1,0,1,0,1,17,4
112,6.11,7,0,1,0,1,1,0,12,5
113,4.99,14,0,1,0,1,0,1,13,3
114,5.88,7,0,1,0,1,1,1,17,3
115,5.66,11,1,1,0,1,0,1,16,4
116,4.0,6,0,1,0,0,1,1,16,3
117,6.87,23,0,1,0,1,1,1,16,3
118,4.37,19,0,1,0,1,0,1,17,2
119,5.77,30,0,1,0,0,1,0,13,3
120,5.77,21,0,1,0,0,1,1,17,4
121,12.31,9,0,1,0,0,1,1,17,4
122,19.08,29,1,1,0,0,1,1,17,3
123,7.55,9,0,1,0,1,0,1,17,3
124,5.9,18,0,1,0,1,0,1,17,4
125,6.37,26,0,1,0,1,0,1,17,3
126,6.15,21,1,1,0,0,1,1,17,4
127,1.92,12,1,1,0,1,1,1,17,2
128,3.27,11,0,1,0,0,0,1,17,3
129,2.18,18,0,1,0,0,0,1,17,4
130,5.62,22,0,1,0,0,1,1,17,3
131,9.29,38,0,1,0,1,0,1,17,4
132,6.41,10,1,1,0,1,1,1,17,3
133,7.46,22,1,1,0,1,1,1,16,3
134,6.59,16,1,1,0,1,0,1,17,2
135,6.73,20,1,1,0,1,1,1,17,2
136,5.61,14,1,1,0,1,1,1,16,3
137,3.65,14,0,1,0,1,1,1,16,4
138,13.01,15,1,1,0,0,1,1,17,4
139,6.97,18,1,1,0,0,0,1,17,3
140,7.69,21,1,1,0,1,1,1,17,3
141,6.73,15,0,1,0,0,1,1,16,3
142,5.13,10,1,1,0,1,0,1,17,3
143,2.14,6,0,1,0,1,1,1,16,4
144,4.53,8,1,1,0,1,1,1,14,2
145,9.1,18,0,1,0,1,0,1,17,2
146,9.78,15,1,1,0,1,0,1,17,3
147,3.63,11,0,1,0,1,1,1,13,4
148,7.21,20,1,0,1,1,1,1,17,3
149,10.62,18,1,1,0,1,1,1,17,3
150,4.62,10,1,1,0,1,1,1,17,3
151,6.54,26,1,1,0,1,0,1,14,3
152,12.12,35,1,0,0,1,0,1,17,3
153,7.21,30,1,1,0,1,1,1,16,4
154,6.25,6,1,0,0,1,0,1,16,4
155,3.85,13,1,1,0,1,1,1,17,3
156,3.03,10,0,0,0,1,1,1,16,3
157,2.01,16,0,1,0,1,1,1,16,3
158,3.9,5,1,1,0,1,1,1,17,4
159,6.35,11,1,1,0,1,0,1,17,3
160,2.0,6,0,1,0,1,1,1,14,4
161,7.69,22,1,1,0,0,1,1,17,3
162,2.63,4,0,1,0,1,0,1,12,3
163,5.0,15,1,1,0,1,1,1,17,4
164,6.54,7,0,1,0,1,0,1,17,3
165,5.19,10,0,1,0,1,1,1,16,3
166,9.75,8,1,1,0,1,1,1,16,3
167,2.81,14,0,1,1,1,1,0,13,3
168,4.62,11,1,1,0,0,1,1,17,3
169,7.33,34,1,1,0,0,1,1,17,3
170,7.69,12,1,1,0,0,1,1,17,4
171,3.26,10,1,1,0,0,1,1,17,3
172,5.77,11,0,1,0,1,0,1,17,2
173,5.59,8,1,1,0,0,0,1,17,4
174,5.13,28,0,1,1,0,0,1,16,3
175,14.74,24,1,1,0,0,1,1,17,2
176,3.67,8,1,1,0,1,0,1,17,3
177,9.73,13,0,1,0,0,1,1,17,4
178,3.46,4,1,1,0,0,1,1,13,3
179,6.37,43,1,1,0,0,1,1,17,4
180,6.58,30,0,1,0,1,1,1,16,3
181,10.15,16,1,1,1,0,0,1,16,3
182,9.23,19,1,1,0,0,1,1,17,3
183,6.75,21,0,0,0,0,1,1,17,3
184,10.22,26,0,1,0,1,0,1,17,3
185,4.76,8,1,1,0,0,1,1,16,3
186,1.76,24,0,1,0,1,0,1,17,3
187,12.73,15,1,1,0,0,1,1,17,4
188,5.85,26,1,1,0,0,1,0,12,3
189,3.17,6,0,0,0,0,1,0,16,3
190,5.99,19,0,1,0,0,1,0,12,2
191,4.62,4,0,1,0,0,1,0,12,3
192,1.8,23,0,1,0,0,1,1,13,4
193,5.95,25,0,1,0,0,1,1,13,4
194,7.46,18,0,1,0,0,1,0,12,3
195,8.7,27,0,1,0,0,1,0,13,2
196,3.75,16,0,1,0,0,1,0,10,3
197,7.69,20,0,1,0,0,1,1,12,3
198,5.24,12,0,0,0,0,1,0,14,3
199,10.1,35,0,1,0,0,1,0,12,4
200,3.75,36,0,1,0,0,0,0,12,1
201,5.79,35,0,1,0,0,1,0,13,3
202,5.06,5,0,1,0,0,1,1,17,3
203,7.96,15,1,1,0,0,1,0,13,4
204,12.82,44,1,1,0,0,1,0,12,3
205,8.46,28,0,1,0,0,1,0,13,3
206,3.76,2,1,1,0,1,0,1,13,4
207,2.86,43,0,1,0,0,1,1,12,3
208,11.81,30,1,1,0,0,1,0,10,3
209,7.69,26,0,1,0,0,1,0,12,3
210,7.21,40,1,0,0,0,1,0,12,3
211,2.88,7,0,1,1,1,0,1,13,4
212,5.73,10,1,1,0,1,0,0,12,3
213,4.49,37,0,1,0,0,1,1,12,2
214,9.57,27,1,1,0,0,1,1,17,4
215,3.61,5,0,1,0,0,1,1,17,3
216,7.77,14,0,1,0,0,1,0,13,2
217,9.23,16,0,1,0,0,0,0,16,2
218,5.58,4,0,1,0,0,1,0,17,3
219,5.34,39,0,1,0,0,1,1,16,3
220,5.17,32,1,1,0,0,1,1,12,3
221,6.41,16,0,1,0,0,1,1,17,4
222,7.4,10,0,1,0,1,0,1,17,4
223,6.75,15,0,1,0,0,1,0,17,4
224,8.46,10,0,1,0,0,1,1,17,4
225,4.61,10,0,1,0,1,0,0,13,3
226,8.61,12,0,0,0,1,1,0,12,3
227,5.24,4,0,1,0,0,0,0,16,4
228,15.38,12,0,1,0,0,0,0,17,3
229,2.37,15,0,1,0,1,1,0,12,4
230,6.72,37,0,1,0,1,0,0,12,4
231,9.4,23,0,1,0,0,1,0,14,4
232,7.84,15,0,1,0,0,1,0,16,3
233,15.0,10,0,1,0,0,0,0,17,4
234,4.7,14,0,1,0,1,1,0,12,4
235,11.28,17,0,1,0,0,0,0,13,3
236,11.97,24,0,1,0,0,1,0,16,3
237,13.99,13,0,1,0,0,1,0,17,4
238,3.0,5,0,1,0,1,1,0,13,3
239,3.41,20,0,1,0,1,1,0,12,3
240,9.62,29,0,1,0,0,1,0,14,4
241,6.73,10,0,1,0,0,0,0,16,4
242,9.62,36,0,1,0,0,1,1,13,3
243,5.19,15,0,1,0,1,1,1,13,3
244,4.62,26,0,1,0,1,1,1,12,3
245,5.03,13,0,1,0,1,1,1,14,4
246,9.84,26,0,1,0,0,1,0,14,3
247,5.29,9,1,1,0,0,1,0,12,3
248,10.99,40,0,1,0,0,1,0,12,1
249,7.08,28,1,0,0,0,1,0,16,3
250,8.17,12,0,1,0,0,0,0,16,2
251,5.88,25,0,1,0,1,1,1,13,4
252,7.92,18,0,1,0,1,1,0,13,4
253,4.44,9,0,1,0,0,0,0,17,3
254,6.64,9,1,1,0,0,1,0,13,3
255,15.8,30,0,0,0,0,1,0,17,4
256,9.23,40,0,1,0,1,0,0,14,3
257,12.82,36,0,1,0,0,1,0,17,3
258,14.18,30,0,1,0,0,1,0,16,4
259,11.54,27,1,1,0,0,1,1,12,3
260,9.4,22,1,1,0,0,1,1,12,3
261,10.39,40,1,1,0,0,1,0,13,3
262,5.54,40,0,1,1,0,1,1,12,3
263,7.86,21,0,1,0,0,1,0,14,3
264,8.17,36,1,0,0,0,1,0,13,3
265,4.05,16,0,1,0,1,1,1,12,4
266,7.81,36,1,0,0,0,1,0,10,3
267,2.56,18,0,1,0,0,1,0,13,3
268,12.98,11,0,1,0,0,0,0,16,4
269,41.67,16,0,0,0,0,1,0,13,4
270,4.81,12,0,1,0,1,1,0,13,4
271,1.32,2,1,1,0,0,1,0,10,3
272,3.71,4,0,1,0,0,0,0,16,3
273,4.81,21,1,1,0,0,1,1,16,3
274,4.68,4,0,1,0,0,0,0,12,3
275,8.21,32,1,1,0,1,0,1,17,2
276,4.03,7,0,1,0,1,0,0,16,3
277,4.81,5,0,0,0,0,0,0,13,3
278,15.63,23,0,1,0,0,1,0,16,3
279,7.69,23,1,1,0,0,1,0,5,3
280,7.17,14,0,1,0,0,1,0,13,3
281,8.08,13,0,1,0,0,1,0,16,4
282,9.03,28,0,1,0,0,1,0,13,3
283,6.75,35,0,1,0,0,1,0,14,4
284,8.44,16,0,1,0,0,1,0,13,4
285,6.0,12,0,1,0,0,1,1,17,4
286,6.15,7,0,1,0,0,1,1,17,3
287,4.1,25,0,1,0,0,1,1,12,3
288,14.17,22,1,1,0,0,1,0,13,3
289,6.41,22,0,1,0,0,1,1,17,3
290,31.09,32,0,0,0,0,1,0,13,3
291,10.29,35,0,1,0,0,1,1,13,4
292,5.06,28,0,1,0,0,1,0,12,3
293,6.37,18,0,1,0,0,1,0,13,3
294,2.98,11,0,1,0,1,0,0,17,3
295,13.28,40,0,1,0,0,1,0,13,3
296,4.2,10,0,1,0,0,1,0,13,2
297,8.92,40,0,1,0,0,1,1,12,3
298,2.63,7,0,1,0,1,1,0,16,3
299,26.24,24,0,1,0,0,1,0,12,3
300,7.54,36,0,1,0,0,0,0,12,4
301,8.65,34,0,1,0,0,1,1,13,3
302,20.99,44,0,1,0,0,1,0,16,3
303,10.26,44,0,1,0,0,1,1,13,3
304,8.55,30,0,1,0,0,1,0,16,3
305,2.08,23,0,1,0,0,1,0,12,4
306,3.0,5,0,0,0,0,0,0,13,3
307,6.01,25,0,1,0,0,1,1,16,4
308,10.05,14,0,1,0,0,0,0,13,4
309,5.73,5,0,1,0,0,1,0,12,3
310,5.93,20,0,1,0,0,1,0,12,3
311,4.49,1,0,1,0,0,0,0,10,2
312,5.66,13,0,1,0,0,0,0,16,4
313,10.19,15,0,1,0,0,1,0,12,4
314,20.99,35,0,1,0,0,1,0,12,3
315,9.05,20,0,1,0,0,1,0,12,4
316,3.92,12,0,1,0,0,1,1,12,5
317,4.28,7,0,1,0,1,0,1,16,4
318,2.75,7,0,1,0,1,0,0,16,3
319,2.88,32,0,1,0,0,1,0,12,4
320,6.41,13,0,1,0,0,1,0,13,3
321,7.69,15,0,1,0,0,1,1,13,3
322,3.75,33,0,0,0,1,0,1,10,3
323,6.41,48,0,1,0,0,1,0,8,3
324,11.54,38,0,1,0,0,1,0,16,4
325,11.4,28,0,1,0,0,1,1,16,3
326,2.2,18,0,1,0,1,1,0,13,4
327,1.65,24,0,1,0,1,0,1,13,1
328,6.59,27,0,1,0,0,0,1,12,3
329,11.06,24,0,1,0,0,1,0,5,3
330,1.63,16,0,1,0,0,1,1,10,3
331,3.58,44,0,1,0,1,1,0,12,3
332,12.31,14,0,1,0,0,1,0,16,4
333,6.66,16,0,1,0,0,1,0,12,3
334,10.53,18,0,1,0,1,1,1,16,3
335,1.92,18,0,1,0,1,1,1,13,2
336,19.23,15,0,1,0,0,1,0,13,4
337,7.21,41,0,1,0,0,1,0,12,4
338,25.64,28,0,1,0,0,1,0,16,3
339,3.85,24,0,1,0,0,1,0,12,3
340,10.99,13,0,1,0,0,1,0,12,3
341,10.02,22,0,1,0,0,1,0,13,3
342,5.31,18,0,1,0,0,1,0,13,4
343,7.19,40,0,1,0,0,1,0,13,3
344,3.82,17,0,1,0,0,1,0,13,4
345,9.62,17,0,1,0,0,1,0,12,3
346,9.62,20,0,1,0,0,1,0,16,4
347,3.85,30,0,1,0,0,1,1,12,4
348,7.5,30,0,1,0,0,1,0,12,3
349,6.92,22,0,1,0,0,1,1,12,4
350,7.69,7,0,1,0,0,1,0,12,4
351,9.23,23,0,1,0,0,0,0,14,3
352,1.27,8,0,1,0,1,1,0,13,3
353,4.82,31,0,1,0,0,1,0,10,4
354,6.75,30,0,1,0,0,1,0,12,3
355,8.55,26,0,1,0,0,0,0,13,2
356,6.41,24,1,1,0,0,1,0,12,4
357,7.44,12,1,1,0,0,1,0,13,3
358,1.32,37,0,1,0,1,1,0,12,3
359,4.81,16,0,1,0,1,0,0,14,4
360,14.35,23,0,1,0,0,1,1,16,3
361,2.4,9,0,1,0,0,1,0,10,2
362,3.08,14,0,1,0,0,1,1,14,2
363,10.66,8,0,1,0,0,0,0,13,5
364,7.69,41,0,1,0,0,1,0,16,2
365,2.54,5,0,1,0,0,0,0,13,4
366,6.38,30,0,1,0,0,1,0,12,3
367,4.81,12,0,1,0,0,1,1,17,4
368,3.82,24,0,1,0,1,0,0,12,3
369,7.4,19,0,1,0,0,1,0,13,3
370,7.69,20,0,1,0,0,1,0,12,4
371,8.24,23,0,1,0,1,1,1,14,2
372,2.63,3,0,1,0,0,0,0,8,3
373,5.31,20,0,1,0,0,1,0,13,4
374,3.0,45,0,1,0,0,1,0,5,2
375,5.7,31,0,1,0,0,1,0,12,3
376,17.49,23,0,1,0,0,1,0,13,4
377,3.89,7,0,1,0,0,0,1,13,3
378,16.14,23,1,1,0,0,1,0,10,3
379,18.32,25,0,1,0,0,1,0,13,3
380,10.42,28,1,0,0,0,1,0,8,3
381,24.73,36,0,1,0,0,1,0,12,3
382,7.61,14,0,1,0,0,1,0,13,3
383,10.0,41,0,1,0,0,1,0,17,4
384,1.68,15,0,1,0,0,1,0,10,3
385,5.1,34,0,0,1,0,1,1,17,4
386,7.72,20,0,1,0,0,1,0,16,3
387,13.46,20,0,1,0,0,1,0,16,4
388,17.48,35,0,1,0,0,1,0,17,4
389,1.92,25,0,1,1,0,1,0,10,3
390,5.09,38,0,1,0,0,1,0,13,4
391,6.37,16,0,1,0,1,0,0,17,3
392,5.45,6,0,1,0,0,0,0,16,2
393,3.82,14,0,1,0,0,1,0,13,3
394,20.86,34,0,1,0,0,1,0,8,4
395,6.2,8,0,1,0,0,0,1,17,4
396,26.22,17,0,1,0,0,1,1,17,3
397,2.5,27,0,1,0,0,1,1,12,3
398,8.1,13,0,1,0,0,0,0,13,3
399,6.21,42,0,1,0,0,1,0,12,3
400,5.24,11,0,1,0,0,1,0,16,4
401,5.57,12,0,1,0,0,1,0,12,4
402,7.6,43,0,1,0,0,1,0,12,4
403,17.49,18,0,1,0,0,1,0,16,3
404,10.1,17,0,1,0,0,0,0,16,3
405,4.33,4,0,1,0,0,0,0,13,2
406,5.38,40,0,1,0,0,1,0,12,4
407,5.7,14,0,1,0,0,1,0,16,4
408,15.73,32,0,1,0,0,1,0,12,3
409,3.16,13,0,1,0,1,1,1,12,3
410,7.63,34,1,0,0,0,0,0,13,3
411,7.69,10,0,1,0,0,0,0,16,3
412,3.57,25,0,1,0,0,0,0,10,3
413,5.92,11,0,1,0,0,1,0,13,4
414,13.12,40,0,1,0,0,1,0,13,3
415,38.86,29,0,1,0,0,1,0,13,3
416,1.92,30,0,0,0,1,0,0,13,3
417,10.12,20,1,1,0,0,1,0,16,3
418,12.82,12,0,1,0,0,1,0,16,4
419,5.49,20,0,1,0,1,0,0,13,4
420,14.79,29,0,1,0,0,1,0,17,3
421,10.19,15,0,1,0,0,1,0,17,2
422,2.11,37,1,1,0,1,0,0,10,3
423,9.28,11,0,1,0,0,0,0,13,3
424,5.33,19,0,1,0,0,1,0,13,4
425,9.13,13,0,1,0,0,1,0,13,3
426,9.89,41,0,1,0,0,1,0,10,3
427,6.37,11,0,1,0,0,1,0,10,3
428,4.0,26,0,1,0,1,0,0,12,3
429,5.09,7,0,1,0,0,1,0,13,4
430,5.13,21,0,1,0,0,1,0,12,4
431,2.47,1,0,1,0,1,0,0,16,4
432,3.29,26,0,1,0,1,1,0,10,3
433,3.95,1,0,1,0,1,0,0,12,3
434,3.04,12,0,1,0,1,1,0,12,3
435,2.27,3,0,1,0,1,1,0,12,2
436,3.34,5,0,1,0,1,1,0,12,3
437,4.9,5,1,1,0,0,0,0,13,2
438,7.21,6,0,1,0,0,1,0,14,3
439,3.44,1,0,1,0,0,0,0,12,4
440,2.4,6,0,1,0,1,1,0,12,4
441,8.26,38,0,1,0,0,1,0,12,3
442,10.68,38,0,1,0,0,1,0,12,3
443,4.62,37,0,1,0,0,1,0,13,3
444,7.55,26,0,1,0,0,1,0,13,4
445,6.75,42,0,0,0,0,1,0,13,3
446,7.69,42,0,1,0,0,1,0,12,3
447,7.25,10,0,1,0,0,1,0,14,3
448,8.74,16,0,1,0,0,1,0,12,4
449,4.62,34,0,1,0,0,1,0,13,2
450,3.33,17,0,1,0,0,0,0,12,2
451,4.81,12,0,1,0,1,0,0,12,3
452,4.58,24,0,1,0,0,1,0,12,3
453,4.09,3,0,1,0,1,1,0,13,3
454,1.83,3,0,0,0,1,0,0,13,4
455,3.33,14,0,1,0,0,1,0,10,3
456,4.72,3,0,0,0,1,0,0,12,3
457,3.06,32,0,1,0,0,1,0,12,4
458,4.95,9,0,1,0,0,1,0,13,4
459,11.54,34,0,1,0,0,1,0,13,3
460,5.63,5,0,1,0,0,1,0,14,3
461,4.05,10,0,1,0,1,1,0,12,2
462,1.16,2,0,1,0,1,0,0,13,4
463,4.1,34,0,1,0,1,1,0,8,3
464,2.46,17,0,1,0,1,1,0,12,3
465,4.11,10,0,1,0,1,0,1,12,4
466,6.11,44,0,1,0,1,1,0,13,3
467,4.47,11,0,1,0,1,1,0,12,4
468,4.62,3,0,1,0,1,0,0,12,4
469,1.28,2,0,1,0,1,1,1,13,3
470,4.4,25,0,1,0,1,0,0,12,4
471,1.27,12,0,1,0,1,1,1,12,3
472,3.95,10,0,1,0,1,0,0,12,4
473,3.64,8,0,0,0,0,0,0,12,3
474,3.75,5,0,1,0,1,0,0,14,4
475,3.21,12,0,1,0,1,0,0,13,4
476,2.63,6,0,1,0,1,1,1,13,3
477,5.64,9,0,1,0,0,1,0,16,3
478,3.0,2,0,1,0,1,0,0,12,4
479,1.98,7,0,1,0,1,1,0,12,4
480,4.81,26,0,1,0,1,0,0,12,3
481,2.63,13,0,1,0,1,1,1,13,4
482,3.16,27,0,1,0,1,1,0,12,3
483,6.27,3,1,1,0,0,0,1,13,3
484,4.05,8,0,1,0,1,0,0,13,3
485,1.98,8,0,1,0,1,1,0,16,3
486,2.18,2,0,1,0,1,1,0,12,4
487,2.63,4,0,1,0,1,1,0,12,4
488,2.43,1,0,1,0,1,0,0,10,4
489,1.98,4,0,1,0,1,0,0,12,4
490,4.09,5,0,1,0,1,1,0,12,4
491,2.5,12,0,1,0,1,0,1,12,3
492,2.51,4,0,1,0,1,0,0,12,5
493,3.85,7,1,1,0,1,0,0,10,4
494,5.13,5,0,1,0,0,0,0,12,4
495,4.81,5,0,1,0,1,0,0,12,3
496,4.81,3,0,1,0,0,0,1,13,4
497,7.07,8,1,1,1,1,0,0,13,3
498,2.31,3,0,1,0,1,0,1,13,4
499,3.89,4,0,1,1,1,0,0,16,4
500,1.98,25,0,1,0,1,0,0,12,2
501,3.75,31,0,0,0,1,0,0,12,4
502,1.25,5,0,1,0,1,1,0,12,4
503,7.63,11,0,1,0,0,0,1,16,4
504,6.54,8,0,1,1,1,0,0,13,3
505,13.13,24,0,1,0,0,1,0,16,3
506,4.4,3,0,1,0,1,0,0,13,5
507,7.69,16,0,1,1,1,1,0,13,3
508,3.85,7,0,1,0,0,1,0,10,3
509,7.69,25,0,1,0,0,1,0,12,3
510,5.0,19,0,1,0,0,0,0,13,3
511,8.94,31,1,1,0,0,1,0,10,3
512,5.09,7,0,1,0,1,0,0,17,5
513,3.16,1,0,1,1,1,0,1,12,3
514,10.58,21,0,1,0,0,1,0,13,3
515,6.87,5,0,0,1,1,1,0,12,3
516,2.14,4,0,1,1,1,0,0,13,4
517,5.13,15,0,1,0,1,0,0,16,4
518,1.95,10,1,1,0,1,1,1,13,2
519,1.92,8,0,1,0,1,1,1,12,4
520,2.65,18,0,1,0,1,1,1,13,3
521,2.62,10,1,1,0,1,1,1,17,3
522,7.91,6,1,1,0,1,0,0,13,4
523,8.55,30,1,1,0,0,1,0,12,4
524,8.44,19,1,1,0,1,0,0,13,4
525,7.96,30,1,1,0,0,1,0,12,3
526,7.21,38,0,0,1,0,0,0,12,4
527,4.67,4,0,1,0,0,0,0,10,3
528,4.28,7,0,1,0,1,0,1,13,4
529,3.61,4,0,1,0,1,0,0,13,3
530,1.92,2,0,1,0,1,0,0,14,3
531,1.68,5,0,1,0,1,1,0,13,3
532,4.46,21,0,1,0,1,1,0,12,3
533,2.11,12,0,1,0,1,0,0,13,4
534,3.81,4,0,1,0,0,1,0,12,5
535,6.25,11,0,1,0,1,1,0,12,4
536,3.08,5,0,1,1,1,0,0,13,3
537,5.39,45,0,0,0,0,1,0,10,3
538,7.33,31,1,0,0,0,1,0,13,4
539,4.92,38,1,0,1,1,0,0,12,3
540,9.89,35,1,1,1,0,0,0,10,3
541,2.98,12,0,1,0,1,1,0,12,3
542,2.92,12,0,1,0,1,0,1,12,4
543,4.17,34,0,1,0,1,1,1,12,4
544,3.34,20,0,1,1,1,0,0,13,2
545,2.26,3,0,1,0,1,0,0,14,4
546,10.12,18,0,1,0,1,0,1,13,3
547,6.35,20,0,1,0,1,1,0,12,3
548,7.8,6,0,1,1,1,0,1,13,3
549,3.75,9,0,1,0,1,0,0,12,4
550,3.59,3,0,1,0,1,1,0,12,4
551,4.52,7,0,1,0,1,0,0,13,3
552,4.47,12,0,1,0,1,1,0,12,3
553,5.29,12,0,1,0,1,0,1,12,4
554,5.29,10,0,1,0,1,0,1,13,4
555,4.81,9,0,1,0,1,0,0,13,4
556,1.98,3,0,1,0,1,1,1,14,2
557,3.17,2,0,1,0,1,0,0,13,3
558,2.88,40,0,1,0,1,1,1,12,4
559,3.47,5,0,1,0,1,1,1,13,3
560,3.92,15,0,1,0,1,1,0,12,2
561,3.46,13,0,1,0,1,1,1,17,4
562,4.95,10,0,1,1,1,0,0,14,5
563,2.18,2,0,1,0,1,0,0,12,3
564,4.1,23,0,1,0,1,0,0,12,4
565,2.62,15,0,1,0,1,0,1,12,3
566,6.59,30,0,1,0,1,0,0,13,3
567,3.96,15,0,1,0,1,1,0,12,2
568,4.81,11,0,1,0,1,0,0,13,3
569,3.75,27,0,1,0,1,0,1,12,3
570,7.34,9,1,1,0,1,0,0,12,3
571,2.93,1,0,1,0,1,0,1,12,4
572,3.47,15,0,1,0,1,0,1,12,3
573,5.64,16,0,1,0,1,1,1,12,3
574,3.75,3,0,1,0,1,0,1,13,3
575,5.45,19,0,1,0,1,0,1,17,4
576,4.09,18,0,0,0,1,0,0,13,4
577,3.75,4,0,1,0,1,1,0,12,3
578,6.73,14,0,1,0,1,1,0,12,4
579,3.28,8,1,1,0,1,1,1,13,3
580,3.57,10,0,1,0,1,0,0,12,4
581,6.01,33,0,1,0,0,1,0,12,3
582,4.62,9,0,1,0,0,1,0,10,3
583,6.84,26,0,1,0,0,1,0,12,4
584,6.41,15,0,1,0,1,1,0,10,3
585,3.44,31,0,1,0,0,1,0,12,2
586,3.85,22,1,1,0,0,1,0,10,3
587,7.15,30,1,1,0,1,0,0,12,4
588,4.05,3,0,1,1,1,0,0,12,3
589,2.91,4,0,1,0,0,0,0,14,4
590,1.92,4,0,0,0,1,0,0,12,3
591,4.42,9,0,1,0,0,0,0,12,3
592,8.49,7,1,1,0,0,0,0,14,3
593,4.28,3,1,1,1,0,0,0,13,3
594,3.33,5,0,1,0,0,1,1,12,4
595,8.46,48,0,1,0,0,1,0,13,3
596,8.65,3,0,1,0,1,0,0,12,3
597,1.16,5,0,1,0,1,1,1,10,3
598,1.98,5,0,1,1,1,1,1,13,3
599,2.57,3,0,1,0,1,1,1,12,3
600,2.58,6,0,1,1,1,0,1,12,4
601,2.51,10,0,1,0,1,1,1,12,4
602,77.72,9,1,1,1,1,1,1,13,4
603,4.33,26,1,1,0,1,1,0,12,4
604,4.09,33,1,1,0,0,1,0,8,3
605,5.73,12,1,1,0,1,0,0,12,3
606,4.81,11,1,1,0,1,0,0,12,3
607,7.69,10,0,1,0,1,0,0,12,4
608,5.73,9,1,1,0,1,0,0,12,3
609,5.88,17,1,1,0,1,0,0,12,3
610,4.27,37,0,1,0,0,1,0,13,3
611,9.62,28,0,1,0,0,0,0,16,4
612,9.36,16,0,1,0,0,0,0,12,3
613,3.95,2,0,1,0,1,0,0,12,5
614,5.73,34,1,1,0,1,1,0,12,3
615,2.6,7,0,1,0,1,0,0,12,3
616,3.75,4,0,1,0,1,0,0,12,4
617,5.61,12,0,1,0,1,1,1,14,4
618,5.73,20,0,1,0,1,1,0,13,3
619,3.85,17,0,1,0,1,1,0,12,3
620,2.88,0,0,1,0,1,0,1,12,2
621,2.75,7,0,1,0,1,0,0,12,4
622,11.57,13,0,1,0,0,0,0,13,4
623,4.33,4,0,1,1,1,0,1,13,3
624,2.75,3,0,1,0,1,1,0,12,3
625,5.34,5,0,1,0,1,0,0,10,3
626,6.56,19,0,1,0,0,1,0,12,3
627,4.68,12,0,1,0,0,1,0,13,3
628,1.98,10,0,1,0,1,1,0,12,2
629,7.96,18,1,1,0,0,1,0,12,3
630,4.87,18,0,1,0,1,1,0,13,2
631,3.16,44,1,1,0,1,1,0,10,3
632,6.25,5,0,1,0,0,0,0,12,3
633,3.0,18,0,1,0,1,1,0,13,4
634,3.75,12,1,1,0,1,0,0,12,4
635,3.75,6,0,1,0,1,1,0,12,4
636,6.54,13,0,1,1,1,0,1,13,4
637,4.19,10,0,1,0,0,1,0,13,3
638,5.37,20,0,1,0,0,1,0,12,2
639,2.14,32,0,1,0,1,0,1,16,5
640,4.81,32,0,1,0,1,1,0,12,3
641,3.53,8,0,1,0,1,1,0,12,3
642,4.33,25,0,1,0,1,0,1,12,3
643,6.13,18,1,1,0,0,1,0,12,3
644,8.79,31,1,0,0,0,1,1,12,2
645,8.21,30,1,1,0,0,1,0,12,3
646,2.39,8,0,1,0,0,1,0,10,3
647,4.58,18,0,1,0,0,1,0,12,4
648,6.97,16,0,1,0,0,1,0,13,3
649,10.12,29,1,1,0,0,1,0,12,3
650,3.75,30,0,1,0,0,1,0,12,2
651,3.52,8,0,1,0,0,0,0,12,2
652,8.41,22,0,1,0,0,1,0,10,3
653,7.96,15,0,1,0,0,1,0,12,5
654,8.24,20,1,1,0,0,1,0,12,2
655,3.22,18,0,1,0,0,1,0,12,3
656,7.96,36,0,1,0,0,1,0,8,3
657,8.65,11,1,1,0,0,0,0,12,4
658,4.27,3,0,1,1,0,0,0,10,3
659,12.66,22,1,1,0,0,1,0,12,5
660,7.96,16,1,1,0,0,1,0,10,3
661,3.49,44,0,1,0,0,1,0,10,3
662,10.12,20,0,1,0,0,0,0,13,2
663,3.08,5,0,1,0,0,1,0,13,4
664,7.96,8,1,1,0,0,1,0,12,3
665,2.75,2,0,1,0,0,0,0,12,4
666,3.39,10,0,1,0,0,1,0,10,3
667,5.49,7,0,1,0,0,1,0,12,2
668,4.27,11,0,1,0,0,1,0,12,3
669,5.71,18,1,1,0,0,1,0,12,3
670,3.46,8,0,1,0,1,1,0,14,2
671,15.38,37,0,1,0,0,1,0,12,3
672,8.41,12,0,1,0,0,0,0,13,3
673,10.12,11,0,1,0,0,1,0,12,3
674,3.85,7,0,1,0,0,1,0,12,4
675,4.62,23,0,1,0,0,1,1,12,4
676,3.41,5,0,1,0,0,1,1,12,3
677,10.58,22,1,1,0,0,1,0,12,4
678,10.1,35,1,1,0,0,0,0,13,3
679,7.96,6,0,1,0,0,1,0,13,3
680,6.81,14,0,1,0,0,1,0,8,4
681,7.21,37,1,1,0,0,1,0,12,3
682,6.41,32,1,1,0,0,1,0,8,3
683,4.77,30,1,1,0,0,1,0,10,3
684,6.05,10,1,1,0,0,1,0,13,3
685,3.75,9,1,1,0,0,1,0,10,2
686,9.16,14,1,1,0,0,1,0,13,3
687,3.33,19,0,1,0,0,1,0,10,3
688,4.77,6,1,1,0,0,1,0,14,3
689,5.79,28,0,1,0,0,1,0,12,2
690,3.96,10,0,1,0,1,0,0,16,3
691,6.41,37,1,1,0,0,1,0,12,2
692,5.55,41,1,1,0,0,1,0,12,3
693,12.74,18,1,0,0,0,1,0,10,3
694,7.69,14,0,1,0,0,0,0,13,4
695,8.17,12,1,1,0,0,0,0,16,3
696,6.4,26,0,1,0,0,1,0,12,3
697,3.57,19,0,1,1,1,1,0,12,3
698,6.59,22,0,1,0,0,0,0,10,4
699,7.69,27,0,1,0,0,1,0,12,3
700,10.26,27,0,1,1,0,0,0,12,3
701,7.08,25,0,1,0,0,1,0,10,3
702,10.42,10,0,1,0,0,1,0,12,3
703,8.08,7,0,1,0,0,1,0,12,3
704,4.95,7,0,1,0,0,0,0,13,4
705,9.81,24,0,1,0,0,1,0,13,3
706,5.77,10,0,1,0,0,0,0,12,4
707,4.81,3,0,1,0,0,0,0,12,4
708,11.95,28,0,1,0,0,1,0,14,3
709,6.12,23,0,1,0,0,1,0,12,4
710,4.58,37,0,1,0,0,0,0,12,4
711,2.26,18,0,0,0,1,1,0,10,2
712,4.37,5,0,1,0,0,1,0,12,3
713,7.71,42,0,1,0,0,1,0,8,2
714,7.96,20,0,1,0,1,0,0,13,3
715,8.93,33,0,1,0,0,0,0,12,3
716,12.27,25,0,0,0,0,1,0,10,3
717,5.73,14,1,1,0,1,1,0,12,4
718,7.26,10,0,1,0,0,1,0,13,4
719,4.73,21,0,1,0,0,1,0,5,2
720,5.38,8,0,1,0,0,1,0,12,3
721,9.0,42,0,1,0,0,1,0,12,4
722,4.91,10,0,1,0,0,1,0,12,4
723,14.31,40,1,1,0,0,1,0,10,2
724,9.74,13,0,1,0,0,1,0,12,4
725,4.13,39,0,1,0,0,1,0,12,3
726,3.75,9,0,1,0,0,1,0,13,3
727,5.26,26,0,1,0,0,1,0,12,2
728,21.74,24,1,1,0,0,1,0,12,3
729,8.81,14,1,1,0,0,1,0,12,3
730,8.17,12,1,1,0,0,1,0,13,4
731,7.5,35,1,1,0,0,1,0,12,4
732,3.42,14,0,0,0,0,1,0,12,3
733,8.89,18,1,1,0,0,1,0,12,3
734,4.16,32,0,1,0,0,1,0,13,3
735,8.17,23,1,1,0,0,1,0,12,3
736,8.12,22,0,1,0,0,1,0,12,3
737,10.12,29,0,1,0,0,1,0,12,3
738,12.5,30,1,1,0,0,1,0,13,3
739,4.33,15,0,1,0,0,0,1,8,2
740,5.2,10,0,1,0,0,0,1,12,4
741,9.62,12,0,1,0,0,1,1,10,4
742,16.03,25,0,1,0,0,1,1,10,3
743,9.28,29,0,1,0,0,1,1,12,3
744,2.81,40,0,0,0,0,1,0,8,2
745,7.21,34,0,1,1,0,1,0,5,3
746,8.0,18,0,1,0,0,1,1,12,3
747,10.99,22,1,0,0,0,1,0,12,3
748,4.47,12,0,1,0,0,1,0,12,2
749,7.07,10,0,1,0,0,1,1,12,3
750,1.66,15,0,1,0,0,1,1,12,4
751,7.93,39,1,1,0,0,1,0,12,1
752,5.23,18,1,1,0,0,0,0,12,3
753,7.96,18,1,1,0,0,1,0,10,3
754,7.03,16,1,1,0,0,1,0,12,2
755,3.75,18,0,1,0,0,1,1,8,3
756,5.29,4,0,1,0,0,0,0,13,3
757,4.46,4,0,1,0,0,0,0,13,3
758,7.96,39,0,1,0,0,1,1,13,3
759,5.45,16,0,1,0,0,1,0,12,3
760,6.87,23,0,1,0,0,1,1,12,3
761,10.3,14,1,1,0,0,1,0,17,4
762,8.01,12,0,1,0,0,1,0,16,3
763,6.25,40,0,1,0,0,1,0,13,3
764,7.96,44,1,1,0,0,1,0,10,3
765,3.93,8,0,1,0,0,1,0,13,3
766,7.75,23,1,1,0,0,1,0,5,3
767,4.3,11,1,1,0,0,0,0,12,2
768,4.9,8,1,1,0,0,1,0,12,3
769,5.56,45,0,1,0,0,1,0,10,3
770,5.73,19,0,1,0,0,1,0,12,3
771,5.7,19,0,1,0,0,1,1,13,4
772,4.57,7,0,1,0,0,0,0,12,2
773,4.15,8,0,1,0,0,1,0,13,4
774,4.71,34,0,1,0,0,1,0,12,3
775,7.21,20,0,1,0,0,1,0,12,4
776,7.04,12,1,1,0,0,0,0,13,3
777,1.48,13,0,1,0,0,0,1,12,2
778,3.37,13,1,0,0,1,1,0,12,4
779,9.62,4,1,1,0,0,0,0,12,3
780,3.75,3,0,1,0,0,0,0,12,4
781,7.14,17,1,1,0,0,1,0,12,4
782,6.99,10,0,1,0,0,1,1,13,4
783,8.46,26,1,1,0,0,1,0,10,3
784,4.76,12,0,1,0,0,1,0,16,3
785,3.9,2,0,1,1,1,0,0,13,4
786,5.77,11,0,1,0,0,1,1,14,4
787,8.74,19,0,1,0,0,1,1,12,4
788,6.56,4,0,1,0,0,0,0,16,4
789,4.24,9,0,1,0,0,0,0,13,3
790,4.09,15,0,1,0,0,1,1,12,4
791,20.99,25,0,1,0,0,1,0,10,3
792,7.69,7,0,1,0,0,1,0,12,3
793,4.58,29,1,1,0,0,1,0,12,3
794,6.49,28,1,0,0,0,1,0,12,3
795,12.82,3,1,1,0,0,1,0,12,3
796,9.62,9,1,1,0,0,1,0,13,3
797,8.89,42,1,1,0,0,1,0,12,3
798,10.58,17,1,1,0,0,1,0,12,3
799,7.21,29,0,1,0,0,0,0,5,3
800,1.65,7,0,1,0,0,0,0,10,2
801,10.58,15,1,1,0,0,1,0,12,4
802,3.04,15,1,1,0,0,1,0,12,3
803,4.55,43,0,1,0,0,1,1,10,3
804,7.69,44,1,1,0,0,1,0,10,3
805,3.0,11,0,1,0,0,1,1,13,3
806,12.02,31,1,1,0,0,1,0,12,4
807,5.99,21,1,1,0,0,1,0,14,3
808,8.94,35,1,1,0,0,1,0,13,3
809,4.0,7,0,1,0,0,0,0,10,4
810,1.98,3,1,1,0,0,0,0,12,3
811,1.27,0,0,1,0,1,0,0,10,4
812,5.57,10,0,1,0,0,1,1,5,3
813,7.36,39,0,1,0,0,1,0,12,2
814,3.08,5,0,1,0,0,1,0,12,3
815,9.64,36,1,1,0,0,1,0,10,3
816,5.09,18,0,1,0,0,1,1,10,3
817,10.12,17,1,1,0,0,1,0,10,3
818,9.62,40,1,1,1,0,0,0,8,3
819,5.77,5,1,1,0,0,1,0,12,3
820,8.32,26,1,1,0,0,0,0,12,4
821,5.73,34,1,1,0,0,1,0,12,2
822,5.73,11,0,1,0,0,1,0,12,3
823,7.21,43,1,1,0,0,1,0,10,3
824,8.78,24,1,1,0,0,1,0,12,3
825,7.96,15,1,1,0,0,1,0,13,3
826,9.62,11,1,1,0,0,1,0,12,3
827,7.45,38,1,1,0,0,1,0,12,3
828,18.46,20,1,1,0,0,1,0,12,3
829,8.85,9,1,1,0,0,1,0,12,4
830,8.0,7,0,1,0,0,0,0,10,3
831,5.73,47,0,1,0,0,1,0,10,3
832,10.61,17,1,1,0,0,1,0,13,3
833,6.84,45,1,1,0,0,1,0,13,3
834,7.78,9,1,1,0,0,1,0,12,4
835,4.21,18,0,1,0,0,0,0,10,3
836,10.12,28,1,1,0,0,1,0,12,3
837,5.56,10,0,1,0,0,1,0,13,1
838,5.77,24,0,1,0,0,0,0,10,2
839,3.85,14,0,1,0,0,1,0,12,3
840,4.33,31,0,1,0,0,0,0,8,3
841,4.09,3,0,1,1,1,0,0,10,3
842,7.69,9,1,0,0,0,1,0,12,1
843,6.98,38,1,1,0,0,1,0,14,3
844,5.69,35,1,1,0,1,1,0,8,3
845,1.2,5,0,1,0,1,1,0,12,3
846,7.48,3,1,1,0,0,0,0,16,3
847,3.13,5,0,1,1,1,1,0,12,4
848,5.61,13,0,1,0,0,1,0,12,3
849,3.27,4,0,1,0,1,0,0,12,3
850,6.25,10,1,1,0,0,1,0,12,4
851,7.69,10,1,1,0,0,1,0,13,4
852,4.0,23,1,1,0,1,0,0,12,2
853,4.66,38,0,1,0,1,0,0,10,4
854,3.82,4,0,1,0,0,1,0,10,3
855,5.24,13,1,1,0,0,1,0,12,4
856,5.13,35,1,0,0,1,1,0,10,3
857,3.37,2,1,1,0,1,0,0,12,2
858,6.41,5,1,1,0,1,0,0,13,2
859,4.81,13,1,1,0,1,1,0,12,3
860,5.61,25,1,1,0,0,1,0,13,4
861,7.97,9,1,1,0,0,1,0,13,4
862,3.75,20,0,1,0,1,1,0,13,2
863,5.15,10,1,1,0,1,1,0,10,4
864,5.77,17,1,1,0,0,1,0,12,4
865,4.94,46,1,1,0,0,1,0,12,3
866,3.75,3,0,1,0,0,0,0,12,3
867,1.98,23,0,1,0,0,1,0,10,4
868,2.52,3,0,1,0,1,0,0,8,4
869,2.93,42,0,1,1,1,0,0,12,3
870,5.09,35,1,1,0,0,1,0,5,3
871,2.4,4,0,1,0,0,0,0,13,4
872,4.87,12,1,1,0,0,0,0,10,3
873,6.59,20,0,1,1,0,1,0,13,3
874,1.2,4,0,1,0,1,1,0,12,3
875,3.33,8,0,1,0,1,0,0,12,4
876,1.96,1,0,1,0,1,0,0,13,2
877,2.73,41,0,1,0,0,1,0,8,1
878,2.63,0,1,1,0,1,1,0,10,2
879,3.75,1,0,1,0,0,0,0,10,3
880,3.08,8,1,1,1,1,1,1,10,3
881,4.27,44,0,0,0,0,1,1,12,4
882,4.5,11,0,1,0,0,1,0,8,4
883,5.53,8,0,1,0,0,1,0,12,2
884,4.09,5,1,1,1,0,1,0,12,4
885,4.55,5,0,1,0,0,1,0,12,3
886,18.74,7,0,0,0,0,1,0,10,2
887,4.12,12,0,1,0,0,1,0,16,3
888,5.77,20,1,0,0,0,1,0,5,4
889,4.81,3,1,1,0,0,0,0,12,3
890,5.77,6,0,1,0,0,1,0,12,3
891,4.81,42,1,1,0,1,1,0,5,3
892,8.65,22,1,1,0,0,1,0,12,3
893,1.92,3,0,1,0,1,1,0,10,4
894,5.93,29,0,0,0,0,1,0,8,4
895,6.01,8,1,1,0,0,1,0,12,3
896,3.35,4,0,1,0,0,0,0,12,3
897,6.01,32,0,1,0,0,1,0,8,3
898,2.96,2,1,1,0,0,0,0,12,4
899,10.82,24,0,1,0,0,1,0,16,3
900,4.81,23,0,1,0,0,1,0,12,4
901,8.79,40,0,1,0,0,1,0,12,3
902,11.6,14,1,0,0,0,1,0,12,3
903,4.81,5,1,1,0,0,0,0,12,4
904,3.75,44,1,1,0,0,1,0,8,4
905,5.29,12,1,1,0,0,1,0,16,4
906,6.5,9,1,1,0,0,1,0,12,3
907,5.82,30,1,1,0,0,1,0,10,4
908,1.79,2,1,1,0,0,0,0,12,3
909,4.28,3,1,1,0,0,0,0,12,4
910,1.98,25,0,0,0,1,1,0,10,3
911,2.31,9,0,1,0,1,1,0,12,3
912,3.5,10,1,1,1,1,1,0,10,3
913,4.37,2,0,1,0,1,1,0,12,3
914,2.26,23,1,0,0,1,1,0,8,3
915,3.75,19,0,1,0,1,0,0,10,2
916,3.75,34,0,0,0,1,1,0,12,3
917,2.64,8,0,1,0,1,1,0,12,4
918,2.26,21,1,1,0,1,0,0,10,3
919,1.83,11,0,0,0,1,1,0,10,4
920,2.88,20,0,0,0,1,0,0,13,3
921,1.98,10,0,0,0,1,0,0,5,3
922,1.98,27,0,0,0,1,1,0,10,2
923,1.98,25,0,1,0,1,1,0,8,3
924,3.37,9,0,1,0,1,1,0,10,2
925,1.98,19,1,1,0,1,0,0,8,3
926,1.92,26,0,0,0,1,1,0,5,3
927,3.37,11,0,1,0,1,1,0,10,3
928,3.75,36,1,1,0,0,1,0,5,4
929,3.75,6,0,1,0,1,1,0,12,4
930,6.59,33,0,1,0,0,1,0,12,3
931,3.75,35,0,1,1,0,1,0,10,3
932,7.96,42,0,0,0,0,1,0,10,3
933,3.75,28,0,1,0,0,1,1,12,2
934,6.61,11,1,1,0,0,1,0,12,3
935,8.65,42,1,1,1,0,1,0,10,3
936,5.02,33,0,1,0,0,1,0,12,2
937,11.54,42,1,1,0,0,0,0,10,3
938,5.9,25,0,1,0,0,1,0,12,3
939,3.75,6,0,1,1,0,1,0,8,3
940,8.7,41,1,1,0,0,1,0,12,4
941,21.54,34,0,1,0,0,1,0,12,3
942,3.27,27,0,0,0,1,1,0,12,3
943,3.3,17,0,1,0,1,0,0,10,3
944,5.49,44,1,1,0,0,1,0,12,3
945,2.4,42,1,1,0,1,0,0,10,3
946,4.09,1,1,1,0,0,0,0,12,3
947,1.98,35,0,1,1,0,1,0,5,4
948,7.21,42,1,1,0,0,1,0,10,3
949,8.5,4,1,1,0,0,1,0,16,3
950,1.98,1,0,1,0,1,1,0,8,3
951,7.18,18,1,1,0,0,1,0,10,3
952,4.81,6,0,1,0,0,1,0,16,5
953,5.24,15,1,1,0,0,1,0,12,3
954,9.13,24,0,1,0,0,1,0,12,4
955,3.75,25,0,1,0,1,1,0,12,3
956,7.69,40,1,1,1,0,0,0,12,4
957,8.6,31,1,1,1,0,1,0,5,4
958,5.29,20,0,1,0,0,1,0,10,2
959,2.4,0,1,0,0,0,0,0,8,2
960,3.21,5,0,0,0,0,1,0,12,3
961,6.67,15,1,1,0,1,1,0,10,2
962,3.85,5,1,1,1,0,1,0,13,4
963,8.49,36,0,1,0,0,1,0,12,3
964,7.21,18,1,1,0,0,1,0,10,2
965,3.33,22,0,1,0,0,1,1,13,2
966,4.27,2,1,1,0,1,0,0,12,3
967,2.88,4,0,1,0,0,0,0,13,4
968,4.09,10,0,1,0,0,1,0,12,2
969,2.75,36,0,1,1,1,1,0,10,3
970,4.12,9,1,1,1,1,0,0,8,4
971,9.62,15,1,1,0,0,1,0,12,4
972,5.53,5,0,1,0,0,1,0,12,3
973,4.01,5,0,1,0,1,1,0,13,3
974,3.41,4,0,1,0,0,1,0,14,3
975,6.92,3,0,1,0,0,1,0,12,3
976,3.75,12,0,0,1,1,1,0,12,3
977,7.96,5,1,1,0,0,0,0,12,4
978,3.75,6,1,1,1,1,1,0,8,4
979,4.28,7,1,1,0,1,0,0,12,3
980,2.31,35,1,1,0,0,1,0,5,1
981,3.8,15,1,0,0,1,1,0,12,3
982,4.09,5,0,1,0,0,0,0,12,3
983,3.85,12,1,1,0,1,1,0,12,3
984,3.75,23,1,1,0,1,1,0,10,2
985,3.0,10,1,1,1,0,0,0,12,4
986,3.96,1,1,1,1,0,0,0,16,3
987,8.55,20,1,1,0,0,1,0,12,3
988,3.75,14,1,1,1,0,1,0,10,4
989,6.0,1,0,1,0,0,1,0,8,3
990,4.81,6,1,1,0,0,1,0,12,2
991,2.5,26,0,1,0,0,1,0,12,3
992,4.32,18,1,1,1,1,0,0,10,3
993,1.27,4,0,1,0,0,0,0,12,3
994,5.77,13,1,1,0,1,1,0,12,2
995,4.2,33,1,1,0,0,1,0,10,2
996,13.74,28,1,1,0,0,1,0,12,3
997,2.56,4,0,1,0,0,1,0,16,3
998,5.13,42,1,1,0,0,1,0,13,4
999,7.21,39,1,1,0,0,1,0,5,3
1000,4.24,7,0,1,0,0,1,1,13,3
1001,4.1,38,0,1,0,0,1,0,12,2
1002,8.5,19,1,1,0,0,1,0,12,3
1003,5.94,29,1,1,0,0,1,0,12,3
1004,10.54,35,1,1,1,0,1,0,10,3
1005,3.5,18,0,1,0,0,1,0,10,3
1006,5.95,8,1,1,0,0,1,0,13,3
1007,8.89,20,1,1,0,0,1,0,13,4
1008,5.73,34,1,1,0,0,1,0,5,2
1009,1.05,29,0,1,1,0,1,0,5,3
1010,3.85,8,1,1,0,0,1,0,13,4
1011,2.88,4,0,1,0,0,0,0,12,3
1012,8.44,15,1,1,0,0,1,0,12,4
1013,3.61,6,0,1,0,0,0,0,12,5
1014,5.77,20,1,1,0,0,0,0,12,3
1015,3.33,35,1,1,1,0,1,0,8,3
1016,7.96,44,0,0,0,0,1,0,5,2
1017,4.49,17,1,1,0,0,1,0,10,5
1018,2.38,3,0,1,0,0,0,0,13,4
1019,5.08,40,1,1,0,0,1,0,12,3
1020,5.31,18,0,1,0,0,1,0,12,4
1021,5.31,23,1,1,0,0,0,0,12,3
1022,6.54,10,0,1,0,0,1,0,10,4
1023,7.43,18,1,1,1,0,0,0,10,3
1024,5.29,42,1,1,0,0,1,0,12,3
1025,11.09,38,1,1,0,0,1,0,8,3
1026,3.33,5,0,1,1,0,0,0,13,4
1027,3.27,25,0,1,0,0,1,0,8,2
1028,3.85,26,1,1,0,0,1,0,8,2
1029,8.04,11,0,1,0,0,1,0,12,3
1030,4.62,16,0,1,0,0,1,0,10,3
1031,7.96,40,1,1,0,0,1,0,5,4
1032,4.85,7,0,1,0,0,1,0,12,4
1033,6.97,17,0,1,0,0,0,0,12,3
1034,4.81,44,0,1,0,0,1,0,12,3
1035,3.02,6,0,0,0,0,1,0,12,3
1036,3.98,8,0,1,0,0,1,0,12,3
1037,5.56,31,0,1,0,0,0,0,12,3
1038,7.32,26,1,1,0,0,1,0,12,3
1039,7.69,20,1,1,0,0,1,0,10,3
1040,6.29,22,0,1,0,0,1,0,13,2
1041,9.62,11,1,1,0,0,1,0,12,3
1042,7.63,8,0,1,0,0,1,0,13,4
1043,4.29,40,1,1,0,0,1,0,5,3
1044,25.64,13,0,1,0,0,1,0,10,3
1045,4.24,3,0,1,0,0,0,0,12,4
1046,3.87,10,0,1,0,0,1,0,12,4
1047,5.73,18,1,1,0,0,1,0,10,3
1048,3.5,5,0,1,0,1,1,0,12,3
1049,5.05,16,1,1,1,0,1,0,10,3
1050,7.96,10,1,1,0,0,1,0,12,3
1051,7.96,10,1,1,0,0,1,0,12,4
1052,3.41,3,1,1,0,0,0,0,12,3
1053,5.73,40,1,1,0,0,0,0,8,3
1054,8.89,35,0,1,0,0,1,0,12,3
1055,4.81,28,1,1,0,0,1,0,10,3
1056,4.81,16,0,1,0,0,1,0,14,3
1057,3.75,19,0,1,1,0,0,0,12,3
1058,13.41,11,1,1,0,0,1,0,10,4
1059,5.09,10,0,1,0,0,1,0,12,2
1060,2.88,4,1,1,1,0,0,0,12,4
1061,3.21,2,0,1,1,0,0,0,14,4
1062,4.55,5,0,1,0,0,0,0,12,3
1063,5.77,31,1,1,0,0,0,0,10,2
1064,8.85,28,1,1,0,0,1,0,14,3
1065,4.41,9,1,1,0,0,1,0,10,3
1066,4.27,12,0,1,0,0,1,0,13,3
1067,10.12,17,0,1,0,0,1,0,13,3
1068,5.29,37,0,1,1,0,1,0,13,3
1069,5.73,35,1,1,0,0,1,0,8,2
1070,7.63,35,1,1,0,0,1,0,12,3
1071,7.69,10,1,1,0,0,1,0,13,4
1072,6.08,42,1,0,0,0,1,0,12,3
1073,7.49,27,1,1,0,0,0,0,12,3
1074,6.37,5,1,1,0,0,1,0,13,3
1075,6.41,5,1,1,0,1,0,0,12,3
1076,1.98,3,0,1,0,0,0,0,12,3
1077,3.85,37,0,0,1,0,0,0,5,3
1078,7.05,14,0,1,0,0,0,0,12,3
1079,5.13,21,0,1,0,0,1,0,13,3
1080,6.35,7,1,1,0,0,1,0,10,3
1081,6.69,27,1,1,0,0,1,0,12,3
1082,4.62,1,0,1,0,0,0,0,13,3
1083,5.02,31,0,1,0,0,1,0,13,3
1084,4.23,42,0,1,0,0,1,1,5,2
1085,4.33,45,0,0,1,0,1,0,5,3
1086,6.54,34,1,1,0,0,1,0,10,3
1087,7.13,9,1,1,0,0,0,0,13,4
1088,3.85,3,0,1,0,0,1,1,10,4
1089,2.17,2,0,1,0,1,1,0,10,3
1090,5.29,36,1,1,1,0,1,0,10,3
1091,6.49,27,1,1,0,1,1,0,12,3
1092,10.19,39,0,1,0,0,1,0,12,4
1093,5.79,9,0,1,0,0,1,0,16,4
1094,3.82,47,0,1,0,0,0,0,12,3
1095,12.54,13,0,1,0,0,1,0,12,3
1096,7.69,28,0,1,0,0,1,0,10,3
1097,8.55,26,0,1,0,0,1,0,12,3
1098,5.92,34,0,1,0,0,1,0,12,2
1099,13.74,28,0,1,0,0,1,0,12,4
1100,2.12,17,0,1,0,1,1,0,14,2
1101,16.14,10,0,1,0,0,1,0,13,2
1102,1.32,21,0,0,0,0,1,0,10,3
1103,1.79,15,0,1,0,0,1,0,12,4
1104,2.32,15,0,1,0,0,1,0,13,4
1105,3.7,11,0,1,0,0,1,0,12,3
1106,6.75,37,0,1,0,0,1,0,10,3
1107,8.44,43,0,1,0,0,1,0,5,3
1108,26.24,37,0,1,0,0,1,0,12,2
1109,8.88,24,0,1,0,0,1,0,12,3
1110,2.5,17,0,1,0,0,1,0,10,3
1111,7.28,16,0,1,0,0,1,0,12,3
1112,7.84,36,0,1,0,0,1,0,12,3
1113,26.24,37,0,1,0,0,1,0,12,3
1114,6.33,38,0,1,0,0,1,0,8,3
1115,4.16,9,0,1,0,0,1,0,12,4
1116,3.21,36,0,1,0,0,1,0,5,4
1117,2.02,41,0,1,0,1,0,0,5,2
1118,9.23,10,1,1,0,0,1,0,12,3
1119,2.68,33,0,1,0,0,1,0,5,3
1120,8.65,5,0,1,0,1,1,0,14,4
1121,2.08,1,0,1,0,1,0,1,12,4
1122,6.25,47,0,0,1,1,1,0,5,4
1123,1.92,8,0,1,0,0,1,0,12,2
1124,3.08,6,0,1,0,0,1,1,10,2
1125,2.11,12,0,1,0,1,1,1,12,3
1126,3.46,26,0,1,0,1,0,1,5,1
1127,4.81,14,1,1,0,0,1,0,10,3
1128,3.37,13,1,1,0,1,0,1,5,3
1129,5.77,39,1,1,0,0,1,0,5,2
1130,3.34,10,0,1,0,0,1,1,13,2
1131,7.26,27,1,0,0,0,1,0,10,3
1132,3.73,5,0,1,0,0,1,0,13,3
1133,2.21,6,1,1,0,1,0,0,12,3
1134,2.92,32,0,0,0,0,1,1,8,3
1135,3.53,1,1,1,1,0,1,1,8,4
1136,1.8,8,0,1,0,1,1,0,12,4
1137,2.6,15,0,1,0,1,1,1,10,4
1138,1.17,1,0,1,1,0,0,0,12,2
1139,1.88,25,1,1,0,1,0,0,10,3
1140,2.88,15,1,1,1,1,1,0,10,3
1141,1.92,7,0,1,0,1,1,0,12,4
1142,1.88,1,0,1,0,1,0,0,12,4
1143,3.37,12,0,1,0,1,1,1,12,3
1144,1.82,3,0,1,0,1,0,1,10,3
1145,1.46,2,0,1,1,0,1,0,10,4
1146,2.26,3,0,1,0,1,1,1,10,3
1147,2.07,2,0,1,0,1,0,0,12,2
1148,3.54,16,0,1,0,0,1,0,13,3
1149,1.26,32,0,1,1,1,0,0,5,1
1150,2.26,20,0,1,0,1,1,1,10,3
1151,3.95,17,0,1,0,1,1,1,12,3
1152,2.65,15,0,1,0,1,0,0,5,3
1153,3.75,19,0,1,0,1,1,1,8,2
1154,2.26,37,1,0,0,0,0,0,5,3
1155,2.19,29,1,1,1,1,0,1,10,3
1156,2.19,5,0,0,0,1,0,1,13,2
1157,3.21,7,0,1,0,1,0,0,5,3
1158,2.47,23,0,1,0,1,0,0,5,2
1159,3.0,5,0,1,0,1,0,0,12,4
1160,3.75,29,0,1,0,0,0,1,8,3
1161,2.0,13,0,1,0,1,0,0,12,3
1162,2.26,10,0,1,0,1,1,0,12,2
1163,2.88,12,0,1,0,1,1,0,13,4
1164,4.69,7,1,1,0,1,1,0,12,3
1165,3.95,9,0,1,0,1,1,0,12,3
1166,6.54,4,0,1,0,0,1,0,12,3
1167,3.57,26,0,1,0,1,0,1,12,3
1168,5.31,15,0,1,0,0,1,1,17,3
1169,2.63,19,0,1,0,1,1,0,10,4
1170,4.33,22,0,0,0,0,1,0,16,3
1171,2.25,12,0,1,1,1,0,0,5,1
1172,2.75,11,0,1,0,1,1,0,10,3
1173,3.29,6,1,1,0,1,1,1,12,3
1174,5.77,13,0,1,0,0,1,0,14,4
1175,4.74,8,0,1,0,1,0,1,13,4
1176,4.12,7,0,1,0,1,0,1,13,3
1177,2.89,12,0,1,1,1,0,1,10,3
1178,6.96,11,1,1,0,0,1,0,13,3
1179,6.41,41,0,1,0,0,1,1,12,2
1180,4.28,7,1,1,0,1,1,1,12,3
1181,1.28,9,0,1,0,1,1,1,13,4
1182,2.56,40,1,1,0,1,0,1,10,3
1183,4.62,7,0,1,1,1,1,1,14,4
1184,1.98,9,0,1,0,1,1,1,12,3
1185,1.92,13,0,1,0,1,0,1,13,4
1186,1.8,33,0,0,0,1,1,1,13,2
1187,1.98,17,0,1,0,1,0,1,14,3
1188,2.0,3,0,1,1,1,0,1,13,2
1189,2.11,8,0,1,0,1,0,1,16,3
1190,2.11,3,0,1,0,1,1,1,10,4
1191,2.77,9,0,1,0,0,0,1,13,3
1192,3.46,30,0,1,0,1,0,0,10,3
1193,6.0,5,0,1,0,1,0,1,13,4
1194,4.81,13,0,1,1,0,1,1,12,3
1195,2.33,5,0,1,0,1,1,1,12,2
1196,3.57,9,0,1,0,1,0,1,16,4
1197,1.98,8,0,1,0,1,0,1,13,3
1198,5.13,20,0,1,1,1,1,0,10,2
1199,4.47,3,0,1,0,1,0,1,13,3
1200,2.07,5,1,1,0,1,0,1,12,5
1201,6.97,20,1,1,0,1,1,1,13,3
1202,1.98,2,0,1,0,1,0,1,12,3
1203,4.62,7,0,1,0,1,0,1,12,3
1204,3.21,5,0,1,0,0,0,1,13,3
1205,1.8,46,0,1,0,1,0,1,14,3
1206,4.62,10,1,1,0,1,1,0,12,3
1207,6.11,27,0,1,0,0,1,0,12,3
1208,5.73,39,0,1,1,0,1,0,16,3
1209,3.57,13,0,1,0,0,1,1,13,4
1210,1.58,27,0,1,0,0,1,1,12,4
1211,4.21,7,0,1,0,0,1,1,12,4
1212,1.75,18,0,1,0,1,0,1,12,3
1213,2.15,6,0,1,0,1,1,1,12,1
1214,1.02,11,0,1,0,1,1,1,13,3
1215,2.4,10,0,1,1,1,1,1,12,2
1216,2.83,28,0,1,1,1,0,1,13,3
1217,3.29,2,0,1,0,1,1,1,10,3
1218,1.98,45,0,1,0,1,0,1,12,3
1219,23.16,9,0,1,0,0,0,1,10,3
1220,5.49,13,0,1,0,1,1,1,12,4
1221,3.0,40,0,1,0,0,0,1,13,3
1222,3.29,10,0,0,0,1,0,1,12,4
1223,2.88,15,0,1,0,1,0,1,12,4
1224,2.63,12,0,1,0,1,1,1,10,3
1225,5.82,20,0,1,0,1,0,1,17,2
1226,1.09,8,0,1,0,1,1,1,10,2
1227,1.28,13,0,1,0,1,1,0,12,4
1228,6.25,3,0,1,0,1,0,1,12,3
1229,2.88,7,0,1,0,0,1,0,14,4
1230,7.69,18,1,1,0,0,1,0,12,4
1231,7.14,13,0,1,0,0,1,0,12,4
1232,6.93,36,1,1,0,0,1,0,12,3
1233,1.56,4,0,1,0,0,0,0,12,3
1234,1.98,8,0,1,0,1,0,1,10,3
1235,8.75,24,1,1,0,0,0,1,16,3
1236,4.81,31,0,1,0,0,1,0,12,2
1237,4.71,16,0,1,0,0,1,0,13,3
1238,4.87,10,0,1,0,0,1,0,13,3
1239,4.62,10,0,1,0,0,1,0,13,4
1240,2.4,12,0,1,0,0,0,1,12,4
1241,5.34,20,0,1,0,0,1,0,12,2
1242,4.21,13,1,1,0,0,1,0,12,3
1243,4.72,9,1,1,0,0,1,0,13,4
1244,12.82,15,1,1,0,0,1,0,13,3
1245,6.73,34,0,1,0,0,1,0,10,3
1246,5.39,8,1,1,0,0,1,0,14,3
1247,5.31,3,0,1,0,0,0,0,17,4
1248,10.58,19,0,1,0,0,0,0,16,4
1249,8.65,10,1,1,0,0,1,0,13,3
1250,4.17,13,0,1,0,0,1,0,10,3
1251,6.81,7,1,1,0,0,0,0,12,3
1252,9.62,21,1,1,0,0,1,0,16,3
1253,1.22,10,0,1,0,1,0,1,5,3
1254,1.79,20,0,1,0,1,1,1,8,3
1255,1.61,25,0,1,1,1,0,1,12,3
1256,1.68,4,0,1,0,1,1,1,12,2
1257,3.29,35,0,1,1,1,0,1,12,3
1258,2.31,15,0,1,1,1,1,1,10,3
1259,1.92,24,0,0,0,1,0,1,16,3
